F1,AUC,Precision,Recall,best_threshold
0.2626728110599078,0.8198916565411096,0.2111111111111111,0.3475609756097561,0.08499999999999998
