F1,AUC,Precision,Recall,best_threshold
0.26455026455026454,0.8588917207519584,0.17587939698492464,0.5335365853658537,0.595
