F1,AUC,Precision,Recall,best_threshold
0.2852807283763278,0.8437728442442383,0.283987915407855,0.2865853658536585,0.6962734597425152
